{
  "dev": {
    "driver": "pg",
    "user": { "ENV": "POSTGRES_USER" },
    "password": { "ENV": "POSTGRES_PASSWORD" },
    "host": "localhost",
    "database": { "ENV": "POSTGRES_DB" },
    "port": "5432",
    "schema": "my_schema"
  },
  "test": {
    "driver": "pg",
    "user": { "ENV": "POSTGRES_USER" },
    "password": { "ENV": "POSTGRES_PASSWORD" },
    "host": "localhost",
    "database": { "ENV": "DB_TEST_NAME" },
    "port": "5432",
    "schema": "my_schema"
  },
  "sql-file": true
}
